{"cameraMode":{"drawMode":0,"name":"Shaded","section":"Shading Mode"},"sceneLighting":true,"audioPlay":false,"sceneViewState":{"showFog":true,"showMaterialUpdate":false,"showSkybox":false,"showFlares":true,"showImageEffects":true,"showParticleSystems":true,"showVisualEffectGraphs":true,"m_FxEnabled":true},"in2DMode":false,"pivot":{"x":0.08490562438964844,"y":0.09377896785736084,"z":-4.689790725708008},"rotation":{"x":0.03599115088582039,"y":0.007495041936635971,"z":-0.0002697792078834027,"w":0.99932461977005},"size":45.0761604309082,"orthographic":true}