{"cameraMode":{"drawMode":0,"name":"Shaded","section":"Shading Mode"},"sceneLighting":false,"audioPlay":false,"sceneViewState":{"showFog":true,"showMaterialUpdate":false,"showSkybox":true,"showFlares":true,"showImageEffects":true,"showParticleSystems":true,"showVisualEffectGraphs":true,"m_FxEnabled":true},"in2DMode":false,"pivot":{"x":165.44058227539063,"y":487.2771301269531,"z":-61.2789306640625},"rotation":{"x":0.032932132482528689,"y":0.06589587032794953,"z":-0.0020513152703642847,"w":0.9973716139793396},"size":810.3507690429688,"orthographic":true}