{"cameraMode":{"drawMode":0,"name":"Shaded","section":"Shading Mode"},"sceneLighting":false,"audioPlay":false,"sceneViewState":{"showFog":true,"showMaterialUpdate":false,"showSkybox":false,"showFlares":true,"showImageEffects":true,"showParticleSystems":true},"in2DMode":false,"pivot":{"x":649.10791015625,"y":470.7488098144531,"z":-9.06552791595459},"rotation":{"x":-0.046480655670166019,"y":-0.010488544590771199,"z":-0.0004876283055637032,"w":0.9988651275634766},"size":96.11044311523438,"orthographic":true}