{"cameraMode":{"drawMode":0,"name":"Shaded","section":"Shading Mode"},"sceneLighting":true,"audioPlay":false,"sceneViewState":{"showFog":true,"showMaterialUpdate":false,"showSkybox":false,"showFlares":true,"showImageEffects":true,"showParticleSystems":true,"showVisualEffectGraphs":true,"m_FxEnabled":true},"in2DMode":false,"pivot":{"x":5.438625335693359,"y":1.260000228881836,"z":9.040000915527344},"rotation":{"x":0.22015637159347535,"y":0.01463132444769144,"z":-0.003302592085674405,"w":0.9753495454788208},"size":36.022335052490237,"orthographic":false}