{"cameraMode":{"drawMode":0,"name":"Shaded","section":"Shading Mode"},"sceneLighting":true,"audioPlay":false,"sceneViewState":{"showFog":true,"showMaterialUpdate":false,"showSkybox":false,"showFlares":true,"showImageEffects":true,"showParticleSystems":true,"showVisualEffectGraphs":true,"m_FxEnabled":true},"in2DMode":false,"pivot":{"x":-2.298720598220825,"y":1.5330637693405152,"z":-0.28679537773132326},"rotation":{"x":-0.08807387202978134,"y":-0.6573411226272583,"z":0.07752938568592072,"w":-0.7444875240325928},"size":0.49705517292022707,"orthographic":false}