{"cameraMode":{"drawMode":0,"name":"Shaded","section":"Shading Mode"},"sceneLighting":false,"audioPlay":false,"sceneViewState":{"showFog":true,"showMaterialUpdate":false,"showSkybox":false,"showFlares":true,"showImageEffects":true,"showParticleSystems":true,"showVisualEffectGraphs":true,"m_FxEnabled":true},"in2DMode":false,"pivot":{"x":-60.742923736572269,"y":-2.6478488445281984,"z":-6.4442219734191898},"rotation":{"x":0.0007193348137661815,"y":-0.9970577359199524,"z":-0.010476576164364815,"w":-0.07644253224134445},"size":3.826756000518799,"orthographic":true}